<?xml version="1.0" encoding="UTF-8"?>
<!--  This file conforms to the DTD xdc/bld/release.dtd -->
<release name="yyq_omapl138_location" label="default" date="1472537873060" buildCount="1" producerId="undefined">
<package name="yyq.omapl138.location"
    version=""/>
<imports>
</imports>
<references>
    <package name="xdc"
        version="1, 1, 1, 1372039166230"
        providerId="xdccore">
        <file name="IPackage.xdc"/>
        <file name="IPackage.xs"/>
        <file name="Warnings.xs"/>
        <file name="om2.xs"/>
        <file name="package.xs"/>
        <file name="template.xs"/>
        <file name="utils.js"/>
        <file name="xdc.tci"/>
        <file name="xmlgen.xs"/>
        <file name="xmlgen2.xs"/>
    </package>
    <package name="xdc.services.global"
        version="1, 0, 0, 1372039183204"
        providerId="xdccore">
        <file name="Clock.xs"/>
        <file name="Trace.xs"/>
        <file name="java/package.jar"/>
    </package>
    <package name="xdc.bld"
        version="1, 0, 2, 1372039168571"
        providerId="xdccore">
        <file name="BuildEnvironment.xs"/>
        <file name="Configuration.xs"/>
        <file name="Executable.xs"/>
        <file name="ITarget.xs"/>
        <file name="ITarget2.xs"/>
        <file name="ITarget3.xs"/>
        <file name="ITargetFilter.xs"/>
        <file name="Library.xs"/>
        <file name="Manifest.xs"/>
        <file name="PackageContents.xs"/>
        <file name="Repository.xs"/>
        <file name="Script.xs"/>
        <file name="Utils.xs"/>
        <file name="_gen.xs"/>
        <file name="bld.js"/>
        <file name="package.xs"/>
    </package>
    <package name="xdc.platform"
        version="1, 0, 1, 0, 1372039173087"
        providerId="xdccore">
        <file name="ICpuDataSheet.xdc"/>
        <file name="IExeContext.xdc"/>
        <file name="IPeripheral.xdc"/>
        <file name="IPlatform.xdc"/>
    </package>
    <package name="ti.platforms.generic"
        version="1, 0, 0, 1, 1372727947948"
        providerId="xdccore">
        <file name="Platform.xdc"/>
    </package>
    <package name="xdc.services.intern.cmd"
        version="1, 0, 0, 0, 1372039183743"
        providerId="xdccore">
        <file name="java/package.jar"/>
    </package>
    <package name="xdc.shelf"
        version="1, 0, 0, 1372039192021"
        providerId="xdccore">
        <file name="java/antlr.jar"/>
        <file name="java/ecj.jar"/>
        <file name="java/js.jar"/>
        <file name="java/tar.jar"/>
    </package>
    <package name="xdc.services.spec"
        version="1, 0, 0, 0, 1372039187417"
        providerId="xdccore">
        <file name="java/package.jar"/>
    </package>
    <package name="xdc.services.intern.gen"
        version="1, 0, 0, 0, 1372039184758"
        providerId="xdccore">
        <file name="java/package.jar"/>
    </package>
    <package name="xdc.services.intern.xsr"
        version="1, 0, 0, 1372039185239"
        providerId="xdccore">
        <file name="java/package.jar"/>
    </package>
    <xdcRoot base="/home/tl/ti/xdctools_3_25_03_72/">
        <file name="/packages/xdc/package.xdc"/>
        <xdcCorePkg version="16, 0, 2, 0, 1372039172474" producerId="/db/ztree/library/trees/xdc/xdc-z52x/src/packages" buildCount="411" releaseName="xdc_corevers" label="default" date="1372039172474"/>
    </xdcRoot>
</references>
<orphans>
</orphans>
</release>
